{
  "ch1": 32,
  "ch2": 32,
  "ch3": 192,
  "dense_units": 256,
  "dropout": 0.2454518409517176,
  "lr": 0.004477427984113198
}